{
  "tree_depth": {
    "depths": [
      "3",
      "5",
      "7",
      "10",
      "15",
      "20",
      "25",
      "30",
      "None"
    ],
    "train_auc": [
      0.7111631619569299,
      0.7553015944417678,
      0.8056985164614341,
      0.8931936259553401,
      0.9857423375998091,
      0.9983691441687024,
      0.9994627465093134,
      0.9996893935752805,
      0.9997089209611574
    ],
    "test_auc": [
      0.6778708996812657,
      0.7024377796630943,
      0.7301410993653936,
      0.7763712619543702,
      0.8416519992998561,
      0.8708984198691156,
      0.8809918402776504,
      0.8804772363323321,
      0.8752633108073892
    ],
    "f1": [
      0.7921045417161656,
      0.8278626799557032,
      0.8671976766533558,
      0.9074134955206706,
      0.9481065367693274,
      0.9606402721930096,
      0.9620618636074914,
      0.9620243413957787,
      0.9623131528827841
    ]
  },
  "n_estimators": {
    "n_estimators": [
      10,
      25,
      50,
      75,
      100,
      150,
      200,
      300
    ],
    "train_auc": [
      0.9672993025840882,
      0.9804070148056239,
      0.9843205215669961,
      0.9852629374945441,
      0.9857423375998091,
      0.9865948810767308,
      0.9865536388973745,
      0.9868798462840491
    ],
    "test_auc": [
      0.7858321378351462,
      0.8201330089969227,
      0.8333404736025928,
      0.8386294866271777,
      0.8416519992998561,
      0.8453935768400611,
      0.8457561251584313,
      0.8483582028758742
    ],
    "f1": [
      0.9341365141420992,
      0.9438406154453102,
      0.9478025215034759,
      0.9482985449761423,
      0.9481065367693274,
      0.948517144595576,
      0.948905109489051,
      0.9490613463200063
    ],
    "train_time": [
      0.6669654846191406,
      1.4120211601257324,
      2.3661458492279053,
      3.432321786880493,
      5.158144235610962,
      6.610235929489136,
      8.948341369628906,
      13.37716007232666
    ]
  },
  "learning_rate": {
    "learning_rate": [
      0.001,
      0.01,
      0.05,
      0.1,
      0.2,
      0.3,
      0.5
    ],
    "train_auc": [
      0.7770274896968328,
      0.8241782028279864,
      0.8766885926186209,
      0.9026597905481397,
      0.936418000806657,
      0.956743247697744,
      0.9783670101098434
    ],
    "test_auc": [
      0.6845096529407144,
      0.7424635337122232,
      0.7996275852667409,
      0.8181621914761513,
      0.839211953709772,
      0.8506768562437206,
      0.8581059891477691
    ],
    "f1": [
      0.8424696303391823,
      0.864175334959976,
      0.876295695943352,
      0.8822055137844611,
      0.8933490585906239,
      0.8972798253715053,
      0.9083691834486772
    ]
  },
  "min_samples_split": {
    "min_samples": [
      2,
      5,
      10,
      20,
      50,
      100,
      200
    ],
    "train_auc": [
      0.9942492290438265,
      0.9930206685635146,
      0.9904961689028655,
      0.9857423375998091,
      0.9686583940220299,
      0.9424351800077446,
      0.9054016667031326
    ],
    "test_auc": [
      0.8532461605839523,
      0.8496777154612181,
      0.8458384599549236,
      0.8416519992998561,
      0.8312370832987787,
      0.8136965608182143,
      0.7906011917124683
    ],
    "f1": [
      0.9554972295129776,
      0.9552593169212805,
      0.9510998142535927,
      0.9481065367693274,
      0.9370529042542592,
      0.9256151674062122,
      0.9102826710364604
    ]
  },
  "regularization": {
    "C": [
      0.001,
      0.01,
      0.1,
      0.5,
      1.0,
      5.0,
      10.0,
      100.0
    ],
    "train_auc": [
      0.7490931741760287,
      0.7659782196715703,
      0.7689110074163537,
      0.7691970515992925,
      0.7692397371403739,
      0.7692670584613702,
      0.7692689971263629,
      0.7692838125853386
    ],
    "test_auc": [
      0.6795016905466627,
      0.683935316132593,
      0.684088518483726,
      0.6839743506238547,
      0.6839662776855914,
      0.6839160052973153,
      0.6839483887883033,
      0.683993294507393
    ],
    "f1": [
      0.9247264595479594,
      0.9164883091709405,
      0.9110528561848442,
      0.9102817044645581,
      0.9099934895833334,
      0.9100970439240738,
      0.9100785287057005,
      0.9099934895833334
    ]
  }
}