{
  "LogisticRegression_SMOTE": {
    "roc_auc": 0.6845087928975757,
    "pr_auc": 0.9653416476589631,
    "precision": 0.9535191429425072,
    "recall": 0.8689563965926329,
    "f1_score": 0.9092759168057308,
    "confusion_matrix": [
      [
        607,
        1089
      ],
      [
        3369,
        22340
      ]
    ]
  },
  "DecisionTree_SMOTE": {
    "roc_auc": 0.6924592839523931,
    "pr_auc": 0.9684570071960671,
    "precision": 0.9602400600150037,
    "recall": 0.7468201797036057,
    "f1_score": 0.8401890425345703,
    "confusion_matrix": [
      [
        901,
        795
      ],
      [
        6509,
        19200
      ]
    ]
  },
  "RandomForest_SMOTE": {
    "roc_auc": 0.8253225092967222,
    "pr_auc": 0.9853072434488446,
    "precision": 0.9628437682855471,
    "recall": 0.8960675249912482,
    "f1_score": 0.9282562707766697,
    "confusion_matrix": [
      [
        807,
        889
      ],
      [
        2672,
        23037
      ]
    ]
  },
  "LogisticRegression_ClassWeight": {
    "roc_auc": 0.6839662776855914,
    "pr_auc": 0.9657365622747255,
    "precision": 0.9539734675596127,
    "recall": 0.8698899218172624,
    "f1_score": 0.9099934895833334,
    "confusion_matrix": [
      [
        617,
        1079
      ],
      [
        3345,
        22364
      ]
    ]
  },
  "DecisionTree_ClassWeight": {
    "roc_auc": 0.6993081170825576,
    "pr_auc": 0.968405985955648,
    "precision": 0.9653601261755944,
    "recall": 0.6428099109261348,
    "f1_score": 0.7717381152517044,
    "confusion_matrix": [
      [
        1103,
        593
      ],
      [
        9183,
        16526
      ]
    ]
  },
  "RandomForest_ClassWeight": {
    "roc_auc": 0.8347129648452895,
    "pr_auc": 0.9860587771064163,
    "precision": 0.9591309264195138,
    "recall": 0.9238010035396165,
    "f1_score": 0.9411345128885895,
    "confusion_matrix": [
      [
        684,
        1012
      ],
      [
        1959,
        23750
      ]
    ]
  }
}