{
  "LogisticRegression_SMOTE": {
    "roc_auc": 0.9440001989748706,
    "pr_auc": 0.9820929736860665,
    "precision": 0.9584707245343552,
    "recall": 0.8984962406015038,
    "f1_score": 0.9275149842611358,
    "confusion_matrix": [
      [
        5198,
        932
      ],
      [
        2430,
        21510
      ]
    ],
    "classification_report": {
      "0": {
        "precision": 0.6814368117461982,
        "recall": 0.8479608482871126,
        "f1-score": 0.7556330862043902,
        "support": 6130.0
      },
      "1": {
        "precision": 0.9584707245343552,
        "recall": 0.8984962406015038,
        "f1-score": 0.9275149842611358,
        "support": 23940.0
      },
      "accuracy": 0.888194213501829,
      "macro avg": {
        "precision": 0.8199537681402767,
        "recall": 0.8732285444443082,
        "f1-score": 0.841574035232763,
        "support": 30070.0
      },
      "weighted avg": {
        "precision": 0.9019952378236336,
        "recall": 0.888194213501829,
        "f1-score": 0.8924755417906386,
        "support": 30070.0
      }
    }
  },
  "DecisionTree_SMOTE": {
    "roc_auc": 0.938804399525186,
    "pr_auc": 0.9747228545193425,
    "precision": 0.9533888962384796,
    "recall": 0.9030910609857978,
    "f1_score": 0.9275586159555527,
    "confusion_matrix": [
      [
        5073,
        1057
      ],
      [
        2320,
        21620
      ]
    ],
    "classification_report": {
      "0": {
        "precision": 0.6861896388475585,
        "recall": 0.8275693311582382,
        "f1-score": 0.7502773053316572,
        "support": 6130.0
      },
      "1": {
        "precision": 0.9533888962384796,
        "recall": 0.9030910609857978,
        "f1-score": 0.9275586159555527,
        "support": 23940.0
      },
      "accuracy": 0.8876953774526106,
      "macro avg": {
        "precision": 0.819789267543019,
        "recall": 0.865330196072018,
        "f1-score": 0.8389179606436049,
        "support": 30070.0
      },
      "weighted avg": {
        "precision": 0.898918279417517,
        "recall": 0.8876953774526106,
        "f1-score": 0.8914184618443296,
        "support": 30070.0
      }
    }
  },
  "RandomForest_SMOTE": {
    "roc_auc": 0.95194709857842,
    "pr_auc": 0.9848097762254711,
    "precision": 0.9588173639619181,
    "recall": 0.9170843776106934,
    "f1_score": 0.9374866561339084,
    "confusion_matrix": [
      [
        5187,
        943
      ],
      [
        1985,
        21955
      ]
    ],
    "classification_report": {
      "0": {
        "precision": 0.7232292247629671,
        "recall": 0.8461663947797716,
        "f1-score": 0.7798827244023455,
        "support": 6130.0
      },
      "1": {
        "precision": 0.9588173639619181,
        "recall": 0.9170843776106934,
        "f1-score": 0.9374866561339084,
        "support": 23940.0
      },
      "accuracy": 0.9026272031925507,
      "macro avg": {
        "precision": 0.8410232943624426,
        "recall": 0.8816253861952326,
        "f1-score": 0.8586846902681269,
        "support": 30070.0
      },
      "weighted avg": {
        "precision": 0.9107909158977489,
        "recall": 0.9026272031925507,
        "f1-score": 0.9053578865457979,
        "support": 30070.0
      }
    }
  },
  "LogisticRegression_ClassWeight": {
    "roc_auc": 0.9445806536460781,
    "pr_auc": 0.9823641623703034,
    "precision": 0.9599032301420187,
    "recall": 0.8949874686716792,
    "f1_score": 0.9263094183005123,
    "confusion_matrix": [
      [
        5235,
        895
      ],
      [
        2514,
        21426
      ]
    ],
    "classification_report": {
      "0": {
        "precision": 0.6755710414246999,
        "recall": 0.8539967373572593,
        "f1-score": 0.7543771165069529,
        "support": 6130.0
      },
      "1": {
        "precision": 0.9599032301420187,
        "recall": 0.8949874686716792,
        "f1-score": 0.9263094183005123,
        "support": 23940.0
      },
      "accuracy": 0.8866311938809445,
      "macro avg": {
        "precision": 0.8177371357833594,
        "recall": 0.8744921030144692,
        "f1-score": 0.8403432674037326,
        "support": 30070.0
      },
      "weighted avg": {
        "precision": 0.901939933938588,
        "recall": 0.8866311938809445,
        "f1-score": 0.8912597006418984,
        "support": 30070.0
      }
    }
  },
  "DecisionTree_ClassWeight": {
    "roc_auc": 0.9350993273013964,
    "pr_auc": 0.9680626656978525,
    "precision": 0.9627086270407931,
    "recall": 0.8842522974101922,
    "f1_score": 0.9218141043784972,
    "confusion_matrix": [
      [
        5310,
        820
      ],
      [
        2771,
        21169
      ]
    ],
    "classification_report": {
      "0": {
        "precision": 0.6570968939487687,
        "recall": 0.866231647634584,
        "f1-score": 0.747308423052565,
        "support": 6130.0
      },
      "1": {
        "precision": 0.9627086270407931,
        "recall": 0.8842522974101922,
        "f1-score": 0.9218141043784972,
        "support": 23940.0
      },
      "accuracy": 0.8805786498170934,
      "macro avg": {
        "precision": 0.8099027604947808,
        "recall": 0.8752419725223881,
        "f1-score": 0.8345612637155311,
        "support": 30070.0
      },
      "weighted avg": {
        "precision": 0.9004073325993529,
        "recall": 0.8805786498170934,
        "f1-score": 0.8862397835761039,
        "support": 30070.0
      }
    }
  },
  "RandomForest_ClassWeight": {
    "roc_auc": 0.953096226155383,
    "pr_auc": 0.9849248613792452,
    "precision": 0.9595113438045375,
    "recall": 0.9186299081035924,
    "f1_score": 0.938625693555271,
    "confusion_matrix": [
      [
        5202,
        928
      ],
      [
        1948,
        21992
      ]
    ],
    "classification_report": {
      "0": {
        "precision": 0.7275524475524475,
        "recall": 0.8486133768352365,
        "f1-score": 0.783433734939759,
        "support": 6130.0
      },
      "1": {
        "precision": 0.9595113438045375,
        "recall": 0.9186299081035924,
        "f1-score": 0.938625693555271,
        "support": 23940.0
      },
      "accuracy": 0.9043565014965081,
      "macro avg": {
        "precision": 0.8435318956784925,
        "recall": 0.8836216424694144,
        "f1-score": 0.861029714247515,
        "support": 30070.0
      },
      "weighted avg": {
        "precision": 0.9122247447348564,
        "recall": 0.9043565014965081,
        "f1-score": 0.9069886231757204,
        "support": 30070.0
      }
    }
  }
}