{
  "hyperparameter_tuning_enabled": true,
  "tuning_method": "randomized",
  "cv_folds": 5,
  "n_iter": 50,
  "best_hyperparameters": {
    "LogisticRegression_SMOTE": {
      "solver": "liblinear",
      "max_iter": 500,
      "C": 10.0
    },
    "DecisionTree_SMOTE": {
      "min_samples_split": 20,
      "min_samples_leaf": 20,
      "max_depth": 10,
      "criterion": "entropy"
    },
    "RandomForest_SMOTE": {
      "n_estimators": 100,
      "min_samples_split": 2,
      "min_samples_leaf": 1,
      "max_features": "sqrt",
      "max_depth": null
    },
    "LogisticRegression_ClassWeight": {
      "solver": "liblinear",
      "max_iter": 1000,
      "class_weight": "balanced",
      "C": 100.0
    },
    "DecisionTree_ClassWeight": {
      "min_samples_split": 10,
      "min_samples_leaf": 1,
      "max_depth": 5,
      "criterion": "entropy",
      "class_weight": "balanced"
    },
    "RandomForest_ClassWeight": {
      "n_estimators": 200,
      "min_samples_split": 10,
      "min_samples_leaf": 10,
      "max_features": "log2",
      "max_depth": 20,
      "class_weight": "balanced"
    }
  },
  "model_results": {
    "LogisticRegression_SMOTE": {
      "roc_auc": 0.9440071153958851,
      "pr_auc": 0.9821037695896994,
      "precision": 0.9585970229075675,
      "recall": 0.8984544695071011,
      "f1_score": 0.9275518564836776,
      "confusion_matrix": [
        [
          5201,
          929
        ],
        [
          2431,
          21509
        ]
      ],
      "classification_report": {
        "0": {
          "precision": 0.6814727463312369,
          "recall": 0.8484502446982055,
          "f1-score": 0.7558494404883012,
          "support": 6130.0
        },
        "1": {
          "precision": 0.9585970229075675,
          "recall": 0.8984544695071011,
          "f1-score": 0.9275518564836776,
          "support": 23940.0
        },
        "accuracy": 0.8882607249750581,
        "macro avg": {
          "precision": 0.8200348846194022,
          "recall": 0.8734523571026533,
          "f1-score": 0.8417006484859894,
          "support": 30070.0
        },
        "weighted avg": {
          "precision": 0.9021031148459479,
          "recall": 0.8882607249750581,
          "f1-score": 0.8925490028072008,
          "support": 30070.0
        }
      }
    },
    "DecisionTree_SMOTE": {
      "roc_auc": 0.9387552145725925,
      "pr_auc": 0.9782789593378532,
      "precision": 0.9530163665414345,
      "recall": 0.9218462823725981,
      "f1_score": 0.937172219037306,
      "confusion_matrix": [
        [
          5042,
          1088
        ],
        [
          1871,
          22069
        ]
      ],
      "classification_report": {
        "0": {
          "precision": 0.7293504990597425,
          "recall": 0.8225122349102774,
          "f1-score": 0.7731350149505481,
          "support": 6130.0
        },
        "1": {
          "precision": 0.9530163665414345,
          "recall": 0.9218462823725981,
          "f1-score": 0.937172219037306,
          "support": 23940.0
        },
        "accuracy": 0.9015962753574992,
        "macro avg": {
          "precision": 0.8411834328005885,
          "recall": 0.8721792586414377,
          "f1-score": 0.8551536169939271,
          "support": 30070.0
        },
        "weighted avg": {
          "precision": 0.9074203649563739,
          "recall": 0.9015962753574992,
          "f1-score": 0.9037319775656788,
          "support": 30070.0
        }
      }
    },
    "RandomForest_SMOTE": {
      "roc_auc": 0.9511281909232026,
      "pr_auc": 0.9842192420421848,
      "precision": 0.9522594907112188,
      "recall": 0.935672514619883,
      "f1_score": 0.943893137812612,
      "confusion_matrix": [
        [
          5007,
          1123
        ],
        [
          1540,
          22400
        ]
      ],
      "classification_report": {
        "0": {
          "precision": 0.7647777608064763,
          "recall": 0.8168026101141925,
          "f1-score": 0.7899345270963162,
          "support": 6130.0
        },
        "1": {
          "precision": 0.9522594907112188,
          "recall": 0.935672514619883,
          "f1-score": 0.943893137812612,
          "support": 23940.0
        },
        "accuracy": 0.9114399733954107,
        "macro avg": {
          "precision": 0.8585186257588475,
          "recall": 0.8762375623670378,
          "f1-score": 0.8669138324544641,
          "support": 30070.0
        },
        "weighted avg": {
          "precision": 0.9140399029388186,
          "recall": 0.9114399733954107,
          "f1-score": 0.91250749485648,
          "support": 30070.0
        }
      }
    },
    "LogisticRegression_ClassWeight": {
      "roc_auc": 0.944579822312715,
      "pr_auc": 0.9823671647041077,
      "precision": 0.9598530334259342,
      "recall": 0.8948203842940685,
      "f1_score": 0.926196549785983,
      "confusion_matrix": [
        [
          5234,
          896
        ],
        [
          2518,
          21422
        ]
      ],
      "classification_report": {
        "0": {
          "precision": 0.6751805985552115,
          "recall": 0.8538336052202283,
          "f1-score": 0.7540700187292897,
          "support": 6130.0
        },
        "1": {
          "precision": 0.9598530334259342,
          "recall": 0.8948203842940685,
          "f1-score": 0.926196549785983,
          "support": 23940.0
        },
        "accuracy": 0.8864649151978716,
        "macro avg": {
          "precision": 0.8175168159905728,
          "recall": 0.8743269947571484,
          "f1-score": 0.8401332842576363,
          "support": 30070.0
        },
        "weighted avg": {
          "precision": 0.901820375435993,
          "recall": 0.8864649151978716,
          "f1-score": 0.8911072370032251,
          "support": 30070.0
        }
      }
    },
    "DecisionTree_ClassWeight": {
      "roc_auc": 0.9449812302643503,
      "pr_auc": 0.9830200577619673,
      "precision": 0.9649773382777092,
      "recall": 0.8804511278195488,
      "f1_score": 0.920778454885001,
      "confusion_matrix": [
        [
          5365,
          765
        ],
        [
          2862,
          21078
        ]
      ],
      "classification_report": {
        "0": {
          "precision": 0.652121064786678,
          "recall": 0.8752039151712887,
          "f1-score": 0.74737062060319,
          "support": 6130.0
        },
        "1": {
          "precision": 0.9649773382777092,
          "recall": 0.8804511278195488,
          "f1-score": 0.920778454885001,
          "support": 23940.0
        },
        "accuracy": 0.8793814432989691,
        "macro avg": {
          "precision": 0.8085492015321936,
          "recall": 0.8778275214954188,
          "f1-score": 0.8340745377440955,
          "support": 30070.0
        },
        "weighted avg": {
          "precision": 0.9011991887432889,
          "recall": 0.8793814432989691,
          "f1-score": 0.8854279386180406,
          "support": 30070.0
        }
      }
    },
    "RandomForest_ClassWeight": {
      "roc_auc": 0.9532617091941381,
      "pr_auc": 0.9846157279644847,
      "precision": 0.9570671149618518,
      "recall": 0.9274436090225564,
      "f1_score": 0.9420225291160186,
      "confusion_matrix": [
        [
          5134,
          996
        ],
        [
          1737,
          22203
        ]
      ],
      "classification_report": {
        "0": {
          "precision": 0.7471983699607044,
          "recall": 0.8375203915171289,
          "f1-score": 0.7897854011229906,
          "support": 6130.0
        },
        "1": {
          "precision": 0.9570671149618518,
          "recall": 0.9274436090225564,
          "f1-score": 0.9420225291160186,
          "support": 23940.0
        },
        "accuracy": 0.9091120718323911,
        "macro avg": {
          "precision": 0.8521327424612781,
          "recall": 0.8824820002698426,
          "f1-score": 0.8659039651195046,